Workbook

Sheet 说明
A1: ε 噪声表 —— 让每天不雷同（确定性、可复现）
A3: 用途：ε 是叠加在负载曲线上的乘性噪声，使每天的量级与形态不雷同、更像真实数据。
A4: 本表是预生成的固定噪声，读表即用 —— 相同边界条件必得完全相同的曲线；只有真实输入
A5: （峰值 / 账单 / 负载类型 / 工作窗口）改变时，曲线才会变。
A7: 应用公式（乘性）：
A8: ε(第 d 天, 第 h 时) = 波动幅度[类型] × ( 日因子[d] + 0.4 × 时纹理[星期(d)][h] )
A9: P(d, h) ← P(d, h) × ( 1 + ε(d, h) )，并夹在 [0, P_peak]。
A10: 注：波动幅度用小数代入（如 10% → 0.10）。
A12: 各表说明：
A13: · 日因子（全年 365 天）：每天一个不同的量级偏差 —— 这是“每天不雷同”的主来源（365 天互不相同）。
A14: · 时纹理（7 个工作日 × 24 时）：日内质感，按当天星期取对应列；一周 7 种形态、逐周循环。
A15: · 波动幅度：每个负载类型的波动强度（%）。连续 / 恒载最小、充电站最大；想更平或更跳，只调这一个数。
... A18: 故“波动幅度”≈ 该类噪声的 1σ 水平。“示例_首周”页用制衣(10%)演示了前 7 天的 (1+ε)。

Sheet 日因子
A1: 日序 | B1: 星期 | C1: 日因子 δ_day
A2: 1 | B2: 周一 | C2: -0.197
A3: 2 | B3: 周二 | C3: -1.298
A4: 3 | B4: 周三 | C4: -0.536
A5: 4 | B5: 周四 | C5: -0.608
A6: 5 | B6: 周五 | C6: 0.237
A7: 6 | B7: 周六 | C7: -0.109
A8: 7 | B8: 周日 | C8: -0.211
A9: 8 | B9: 周一 | C9: 0.434
A10: 9 | B10: 周二 | C10: 1.236
A11: 10 | B11: 周三 | C11: 2.5
A12: 11 | B12: 周四 | C12: -0.222
A13: 12 | B13: 周五 | C13: -0.666
... A366: 365 | B366: 周一 | C366: -0.793

Sheet 时纹理
A1: 时 | B1: 周一 | C1: 周二 | D1: 周三 | E1: 周四 | F1: 周五 | G1: 周六 | H1: 周日
A2: 0 | B2: 0.69 | C2: -0.727 | D2: -1.013 | E2: -0.081 | F2: -0.775 | G2: 0.241 | H2: -0.453
A3: 1 | B3: 0.747 | C3: -1.826 | D3: -1.655 | E3: 1.043 | F3: 0.349 | G3: 1.042 | H3: 1.319
A4: 2 | B4: 0.162 | C4: -1.179 | D4: -1.471 | E4: 1.416 | F4: -0.773 | G4: 1.311 | H4: 1.609
A5: 3 | B5: -0.476 | C5: -1.461 | D5: -0.376 | E5: 0.857 | F5: 0.293 | G5: 1.319 | H5: -0.042
A6: 4 | B6: 0.46 | C6: -1.625 | D6: -0.35 | E6: 0.958 | F6: -0.602 | G6: 0.998 | H6: 0.563
A7: 5 | B7: 0.797 | C7: -0.711 | D7: 0.727 | E7: 1.813 | F7: 0.129 | G7: 0.495 | H7: 0.785
A8: 6 | B8: 0.243 | C8: 0.069 | D8: 1.428 | E8: 1.643 | F8: 0.091 | G8: -0.916 | H8: 1.048
A9: 7 | B9: 1.113 | C9: 0.01 | D9: -0.177 | E9: 0.29 | F9: -0.397 | G9: -0.389 | H9: 0.776
A10: 8 | B10: -0.417 | C10: -0.152 | D10: 1.129 | E10: 0.493 | F10: -0.933 | G10: -0.637 | H10: 1.054
A11: 9 | B11: 0.228 | C11: 1.187 | D11: 0.188 | E11: -0.083 | F11: -0.304 | G11: -0.798 | H11: -0.473
A12: 10 | B12: -0.277 | C12: 0.512 | D12: 0.133 | E12: -1.102 | F12: 0.133 | G12: -0.846 | H12: -0.783
A13: 11 | B13: -0.138 | C13: 1.182 | D13: 1.244 | E13: -1.365 | F13: 1.911 | G13: -1.664 | H13: -0.496
... A25: 23 | B25: 2.089 | C25: -0.789 | D25: -0.493 | E25: 0.537 | F25: -1.221 | G25: 0.838 | H25: -0.399

Sheet 波动幅度
A1: 负载类型 | B1: 波动幅度 (%)
A2: 碾米 / 大米加工 | B2: 0.08
A3: 食品加工 | B3: 0.08
A4: 养殖场 | B4: 0.06
A5: 纺织 | B5: 0.06
A6: 制衣 | B6: 0.1
A7: 木材 / 家具 | B7: 0.1
A8: 塑料 / 橡胶 | B8: 0.08
A9: 金属加工 | B9: 0.1
A10: 代加工工厂 | B10: 0.1
A11: 其他工厂 | B11: 0.1
A12: 水泥 / 建材 | B12: 0.03
A13: 采矿 | B13: 0.04
... A25: 通信基站 | B25: 0.02

Sheet 示例_首周
A1: 示例：制衣（波动幅度） | C1: 0.08 | D1: ← 改这里即换波动强度
A3: 日序 | B3: 星期 | C3: 时 | D3: 1 + ε
A4: 1 | B4: 周一 | C4: 0 | D4: =1+$C$1*(INDEX(日因子!$C:$C,A4+1)+0.4*INDEX(时纹理!$B:$H,C4+2,A4)) -> 1.00632
A5: 1 | B5: 周一 | C5: 1 | D5: =1+$C$1*(INDEX(日因子!$C:$C,A5+1)+0.4*INDEX(时纹理!$B:$H,C5+2,A5)) -> 1.008144
A6: 1 | B6: 周一 | C6: 2 | D6: =1+$C$1*(INDEX(日因子!$C:$C,A6+1)+0.4*INDEX(时纹理!$B:$H,C6+2,A6)) -> 0.989424
A7: 1 | B7: 周一 | C7: 3 | D7: =1+$C$1*(INDEX(日因子!$C:$C,A7+1)+0.4*INDEX(时纹理!$B:$H,C7+2,A7)) -> 0.969008
A8: 1 | B8: 周一 | C8: 4 | D8: =1+$C$1*(INDEX(日因子!$C:$C,A8+1)+0.4*INDEX(时纹理!$B:$H,C8+2,A8)) -> 0.99896
A9: 1 | B9: 周一 | C9: 5 | D9: =1+$C$1*(INDEX(日因子!$C:$C,A9+1)+0.4*INDEX(时纹理!$B:$H,C9+2,A9)) -> 1.009744
A10: 1 | B10: 周一 | C10: 6 | D10: =1+$C$1*(INDEX(日因子!$C:$C,A10+1)+0.4*INDEX(时纹理!$B:$H,C10+2,A10)) -> 0.992016
A11: 1 | B11: 周一 | C11: 7 | D11: =1+$C$1*(INDEX(日因子!$C:$C,A11+1)+0.4*INDEX(时纹理!$B:$H,C11+2,A11)) -> 1.019856
A12: 1 | B12: 周一 | C12: 8 | D12: =1+$C$1*(INDEX(日因子!$C:$C,A12+1)+0.4*INDEX(时纹理!$B:$H,C12+2,A12)) -> 0.970896
A13: 1 | B13: 周一 | C13: 9 | D13: =1+$C$1*(INDEX(日因子!$C:$C,A13+1)+0.4*INDEX(时纹理!$B:$H,C13+2,A13)) -> 0.991536
A14: 1 | B14: 周一 | C14: 10 | D14: =1+$C$1*(INDEX(日因子!$C:$C,A14+1)+0.4*INDEX(时纹理!$B:$H,C14+2,A14)) -> 0.975376
A15: 1 | B15: 周一 | C15: 11 | D15: =1+$C$1*(INDEX(日因子!$C:$C,A15+1)+0.4*INDEX(时纹理!$B:$H,C15+2,A15)) -> 0.979824
... A171: 7 | B171: 周日 | C171: 23 | D171: =1+$C$1*(INDEX(日因子!$C:$C,A171+1)+0.4*INDEX(时纹理!$B:$H,C171+2,A171)) -> 0.970352
